epoch,train_loss,val_loss,train_acc,val_acc
1,0.5752743964092228,0.5787987525826658,0.796875,0.7734375
2,0.514983575641951,0.5189385495979366,0.8046875,0.8046875
3,0.4734927687319174,0.47726575358504464,0.8203125,0.8046875
4,0.44362605324926774,0.44689254407562906,0.8125,0.8046875
5,0.4212134935485988,0.4238087533776459,0.81640625,0.8125
6,0.4037835643396807,0.40563104922358895,0.8125,0.8203125
7,0.38981759888693557,0.39089026080174477,0.8125,0.8359375
8,0.3783446226416612,0.37864371972593847,0.81640625,0.8359375
9,0.3687198873828985,0.3682630347835826,0.81640625,0.8359375
10,0.3605004469113004,0.3593146520766154,0.81640625,0.8359375
11,0.35337278159794844,0.3514902592820889,0.8203125,0.8359375
12,0.347109167371806,0.34456476208362236,0.82421875,0.8359375
13,0.34154046095118357,0.33837003211591654,0.82421875,0.84375
14,0.3365385820189943,0.33277798426615185,0.82421875,0.84375
15,0.3320049100487158,0.32768935148906997,0.82421875,0.8515625
16,0.3278623978236213,0.32302604369602506,0.82421875,0.8515625
17,0.32405008515300654,0.3187258233415953,0.82421875,0.8515625
18,0.32051920171082593,0.3147385161300494,0.82421875,0.859375
19,0.3172303461328091,0.31102326224502164,0.82421875,0.859375
20,0.3141514092255816,0.30754648759463876,0.82421875,0.859375
21,0.3112560214070365,0.30428038279925523,0.82421875,0.859375
22,0.3085223758568282,0.3012017464874658,0.82421875,0.859375
23,0.30593232518491537,0.29829109417638555,0.82421875,0.8515625
24,0.3034706800983408,0.2955319636198245,0.828125,0.859375
25,0.301124659223312,0.2929103674694058,0.828125,0.8671875
26,0.2988834534133975,0.29041435777736335,0.828125,0.8671875
27,0.29673787774227434,0.28803367639611743,0.828125,0.8671875
28,0.29468009134868417,0.28575947205795216,0.83203125,0.8671875
29,0.2927033702896402,0.28358406973431177,0.8359375,0.8671875
30,0.2908019221731755,0.2815007813652606,0.8359375,0.8671875
31,0.2889707339925539,0.27950374960998403,0.8359375,0.8671875
32,0.28720544654838154,0.277587818167678,0.8359375,0.875
33,0.2855022503158068,0.27574842364040364,0.8359375,0.875
34,0.283857798725496,0.27398150498520857,0.83984375,0.875
35,0.28226913567447204,0.2722834274237824,0.84375,0.875
36,0.2807336347342604,0.27065091830970833,0.84375,0.875
37,0.2792489480282888,0.2690810129433916,0.84765625,0.875
38,0.27781296314403114,0.2675710087075714,0.85546875,0.875
39,0.2764237667544156,0.2661184261974355,0.85546875,0.875
40,0.2750796138671999,0.26472097625771196,0.859375,0.875
41,0.27377890181508635,0.2633765320289227,0.86328125,0.875
42,0.27252014825444115,0.2620831052570063,0.8671875,0.875
43,0.2713019725650987,0.26083882624295196,0.8671875,0.8828125
44,0.27012308014435155,0.2596419269082404,0.8671875,0.8828125
45,0.2689822491699128,0.2584907265326277,0.8671875,0.8828125
46,0.2678783194732592,0.257383619786936,0.8671875,0.8828125
47,0.2668101832194065,0.2563190667379993,0.8671875,0.8828125
48,0.2657767771342102,0.2552955845480882,0.8671875,0.8828125
49,0.26477707605762213,0.2543117406288507,0.8671875,0.8828125
50,0.2638100876324746,0.2533661470415161,0.8671875,0.8828125
51,0.2628748479644816,0.25245745596197366,0.8671875,0.890625
52,0.26197041811120514,0.25158435605227875,0.8671875,0.890625
53,0.2610958812764786,0.2507455695998819,0.8671875,0.890625
54,0.2602503406028168,0.24993985030300717,0.875,0.890625
55,0.2594329174681531,0.24916598159557748,0.875,0.890625
56,0.25864275020521554,0.24842277541826474,0.875,0.890625
57,0.25787899317229357,0.2477090713539156,0.875,0.890625
58,0.25714081611329603,0.2470237360559974,0.8828125,0.890625
59,0.2564274037530673,0.2463656629080035,0.8828125,0.890625
60,0.2557379555810601,0.24573377186008943,0.8828125,0.890625
61,0.25507168578279127,0.24512700939669987,0.8828125,0.8984375
62,0.25442782328413677,0.2445443485956767,0.88671875,0.890625
63,0.2538056118785347,0.24398478924538486,0.890625,0.890625
64,0.25320431041162617,0.24344735799181505,0.890625,0.890625
65,0.25262319300184344,0.24293110849247584,0.88671875,0.890625
66,0.2520615492789805,0.2424351215582072,0.88671875,0.890625
67,0.2515186846259197,0.24195850526788354,0.88671875,0.890625
68,0.25099392041145097,0.2415003950443551,0.88671875,0.890625
69,0.2504865942045606,0.24105995368293842,0.88671875,0.890625
70,0.2499960599626974,0.2406363713263405,0.88671875,0.890625
71,0.24952168818838485,0.24022886538211988,0.8828125,0.890625
72,0.24906286605015251,0.23983668038067785,0.8828125,0.890625
73,0.24861899746513966,0.2394590877733646,0.8828125,0.890625
74,0.248189503141895,0.23909538567160651,0.88671875,0.890625
75,0.2477738205828824,0.23874489852903558,0.890625,0.890625
76,0.24737140404701852,0.23840697676946104,0.890625,0.890625
77,0.24698172447323824,0.23808099636418595,0.890625,0.890625
78,0.24660426936661728,0.2377663583626634,0.890625,0.890625
79,0.24623854264900014,0.23746248838083037,0.890625,0.8984375
80,0.24588406447639594,0.23716883605167116,0.890625,0.8984375
81,0.24554037102563314,0.23688487444266448,0.890625,0.8984375
82,0.24520701425291003,0.2366100994447825,0.890625,0.8984375
83,0.24488356162696429,0.2363440291376403,0.88671875,0.8984375
84,0.24456959583961346,0.23608620313526785,0.88671875,0.8984375
85,0.2442647144963993,0.23583618191679642,0.88671875,0.8984375
86,0.24396852979001604,0.23559354614613395,0.88671875,0.8984375
87,0.24368066815911624,0.2353578959844575,0.88671875,0.8984375
88,0.24340076993498022,0.23512885039908457,0.88671875,0.8984375
89,0.24312848897840716,0.23490604647200475,0.88671875,0.8984375
90,0.2428634923090482,0.23468913871107022,0.88671875,0.8984375
91,0.24260545972925082,0.23447779836655344,0.88671875,0.8984375
92,0.24235408344433396,0.23427171275550224,0.88671875,0.8984375
93,0.24210906768105345,0.2340705845960418,0.88671875,0.8984375
94,0.24187012830586724,0.23387413135351096,0.88671875,0.8984375
95,0.24163699244445255,0.2336820846000643,0.88671875,0.8984375
96,0.24140939810378384,0.23349418938913194,0.88671875,0.8984375
97,0.24118709379793363,0.2333102036459046,0.88671875,0.8984375
98,0.24096983817862555,0.23312989757479963,0.88671875,0.8984375
99,0.24075739967143794,0.2329530530846731,0.88671875,0.8984375
100,0.24054955611843687,0.23277946323236226,0.88671875,0.8984375
101,0.24034609442790372,0.23260893168498328,0.88671875,0.8984375
102,0.24014681023171808,0.23244127220126104,0.88671875,0.8984375
103,0.23995150755085942,0.23227630813203767,0.88671875,0.8984375
104,0.23975999846940427,0.23211387193998742,0.88671875,0.8984375
105,0.23957210281731217,0.23195380473846444,0.88671875,0.8984375
106,0.2393876478622229,0.23179595584931662,0.88671875,0.8984375
107,0.2392064680104202,0.2316401823794207,0.88671875,0.8984375
108,0.23902840451705837,0.2314863488156264,0.88671875,0.8984375
109,0.2388533052056957,0.23133432663773862,0.88671875,0.8984375
110,0.23868102419713172,0.23118399394911848,0.88671875,0.8984375
111,0.2385114216475043,0.23103523512444546,0.88671875,0.8984375
112,0.2383443634955667,0.23088794047414837,0.88671875,0.8984375
113,0.2381797212190344,0.23074200592499033,0.88671875,0.8984375
114,0.23801737159986375,0.23059733271627275,0.88671875,0.8984375
115,0.23785719649830253,0.23045382711110882,0.88671875,0.8984375
116,0.23769908263553402,0.23031140012221252,0.88671875,0.8984375
117,0.2375429213847193,0.23016996725164046,0.88671875,0.8984375
118,0.23738860857023114,0.23002944824392726,0.88671875,0.8984375
119,0.23723604427486217,0.22988976685205653,0.88671875,0.8984375
120,0.23708513265478187,0.22975085061571593,0.88671875,0.8984375
121,0.2369357817620128,0.22961263065129345,0.88671875,0.8984375
122,0.23678790337419195,0.2294750414530818,0.88671875,0.8984375
123,0.2366414128313802,0.22933802070517087,0.88671875,0.8984375
124,0.23649622887968508,0.22920150910352022,0.88671875,0.8984375
125,0.23635227352145868,0.2290654501877203,0.88671875,0.8984375
126,0.23620947187183908,0.22892979018196385,0.88671875,0.8984375
127,0.2360677520214011,0.22879447784476797,0.88671875,0.8984375
128,0.2359270449046908,0.22865946432700113,0.88671875,0.90625
129,0.2357872841744179,0.22852470303778824,0.88671875,0.90625
130,0.23564840608108806,0.22839014951788295,0.88671875,0.90625
131,0.23551034935785986,0.228255761320113,0.88671875,0.90625
132,0.23537305511041873,0.22812149789652253,0.88671875,0.90625
133,0.2352364667116637,0.22798732049185033,0.890625,0.90625
134,0.23510052970101084,0.2278531920430012,0.890625,0.90625
135,0.23496519168812147,0.22771907708418163,0.890625,0.90625
136,0.23483040226087112,0.2275849416573887,0.890625,0.90625
137,0.23469611289737996,0.22745075322795522,0.890625,0.90625
138,0.2345622768819321,0.22731648060486845,0.890625,0.90625
139,0.23442884922461843,0.22718209386559635,0.890625,0.90625
140,0.23429578658454192,0.2270475642851656,0.890625,0.90625
141,0.23416304719643138,0.22691286426925264,0.890625,0.90625
142,0.23403059080051658,0.22677796729105867,0.890625,0.90625
143,0.23389837857552095,0.22664284783175387,0.890625,0.90625
144,0.2337663730746365,0.22650748132428705,0.890625,0.90625
145,0.2336345381643491,0.2263718441003674,0.890625,0.90625
146,0.23350283896598917,0.22623591334043736,0.890625,0.90625
147,0.23337124179988686,0.22609966702646428,0.890625,0.90625
148,0.23323971413201688,0.22596308389738906,0.890625,0.90625
149,0.23310822452302207,0.22582614340707924,0.890625,0.90625
150,0.23297674257951087,0.22568882568464166,0.890625,0.90625
151,0.2328452389075267,0.2255511114969595,0.890625,0.90625
152,0.2327136850680937,0.22541298221332587,0.890625,0.90625
153,0.23258205353474562,0.22527441977205317,0.890625,0.90625
154,0.2324503176529499,0.22513540664894466,0.890625,0.90625
155,0.23231845160134285,0.22499592582752195,0.890625,0.90625
156,0.23218643035469494,0.22485596077090714,0.890625,0.90625
157,0.2320542296485293,0.22471549539526614,0.890625,0.90625
158,0.23192182594532057,0.2245745140447231,0.890625,0.90625
159,0.23178919640220294,0.22443300146766282,0.890625,0.90625
160,0.23165631884012108,0.2242909427943427,0.890625,0.90625
161,0.23152317171436,0.22414832351573946,0.890625,0.90625
162,0.23138973408639218,0.224005129463562,0.890625,0.90625
163,0.23125598559698496,0.22386134679136382,0.890625,0.90625
164,0.23112190644051084,0.223716961956695,0.890625,0.90625
165,0.23098747734040936,0.22357196170423405,0.890625,0.90625
166,0.23085267952574878,0.22342633304984705,0.89453125,0.90625
167,0.23071749470883982,0.22328006326552186,0.89453125,0.90625
168,0.23058190506385506,0.22313313986512961,0.89453125,0.90625
169,0.2304458932064101,0.22298555059096833,0.8984375,0.90625
170,0.23030944217406477,0.22283728340104642,0.8984375,0.90625
171,0.23017253540770372,0.22268832645706532,0.8984375,0.90625
172,0.23003515673375877,0.22253866811306522,0.8984375,0.90625
173,0.22989729034723622,0.22238829690469653,0.8984375,0.90625
174,0.22975892079551438,0.2222372015390854,0.8984375,0.90625
175,0.2296200329628783,0.22208537088526203,0.8984375,0.90625
176,0.22948061205575926,0.22193279396512064,0.90234375,0.90625
177,0.2293406435886502,0.2217794599448859,0.90234375,0.90625
178,0.22920011337066626,0.2216253581270577,0.90234375,0.90625
179,0.22905900749272473,0.22147047794281083,0.90234375,0.90625
180,0.22891731231531703,0.22131480894482652,0.90234375,0.90625
181,0.22877501445684761,0.22115834080053304,0.90234375,0.90625
182,0.22863210078251625,0.22100106328573624,0.90234375,0.90625
183,0.22848855839372062,0.22084296627862002,0.90234375,0.9140625
184,0.22834437461795715,0.22068403975409828,0.90234375,0.9140625
185,0.22819953699919937,0.22052427377850245,0.90234375,0.9140625
186,0.22805403328873403,0.22036365850458633,0.90234375,0.9140625
187,0.22790785143643544,0.22020218416683543,0.90234375,0.9140625
188,0.22776097958246047,0.22003984107706456,0.90234375,0.9140625
189,0.22761340604934613,0.21987661962029126,0.90234375,0.9140625
190,0.2274651193344936,0.21971251025087124,0.90234375,0.9140625
191,0.2273161081030231,0.21954750348888497,0.90234375,0.9140625
192,0.22716636118098343,0.21938158991676293,0.90234375,0.9140625
193,0.22701586754890285,0.2192147601761395,0.90234375,0.9140625
194,0.22686461633566635,0.21904700496492424,0.90234375,0.9140625
195,0.22671259681270745,0.21887831503458266,0.90234375,0.9140625
196,0.22655979838850027,0.21870868118761544,0.90234375,0.9140625
197,0.22640621060334082,0.21853809427522874,0.90234375,0.9140625
198,0.2262518231244057,0.21836654519518706,0.90234375,0.9140625
199,0.2260966257410773,0.21819402488984083,0.90234375,0.9140625
200,0.2259406083605241,0.218020524344321,0.90234375,0.9140625
201,0.22578376100352698,0.21784603458489532,0.90234375,0.9140625
202,0.2256260738005414,0.21767054667747698,0.90234375,0.9140625
203,0.22546753698798572,0.2174940517262821,0.90234375,0.9140625
204,0.22530814090474777,0.21731654087262842,0.90234375,0.9140625
205,0.22514787598890013,0.21713800529386998,0.90234375,0.9140625
206,0.2249867327746165,0.21695843620246263,0.90234375,0.9140625
207,0.22482470188928141,0.2167778248451555,0.90234375,0.9140625
208,0.22466177405078563,0.21659616250230226,0.90234375,0.9140625
209,0.22449794006499968,0.21641344048728936,0.90234375,0.9140625
210,0.22433319082341996,0.21622965014607584,0.90234375,0.9140625
211,0.2241675173009787,0.2160447828568401,0.90234375,0.9140625
212,0.22400091055401372,0.21585883002973094,0.90234375,0.9140625
213,0.22383336171839052,0.21567178310671775,0.90234375,0.9140625
214,0.2236648620077707,0.21548363356153702,0.90234375,0.9140625
215,0.22349540271202278,0.21529437289973102,0.90234375,0.9140625
216,0.22332497519576783,0.21510399265877622,0.90234375,0.9140625
217,0.22315357089705648,0.2149124844082972,0.90234375,0.9140625
218,0.22298118132617156,0.21471983975036354,0.90234375,0.9140625
219,0.22280779806455192,0.21452605031986735,0.90234375,0.9140625
220,0.2226334127638325,0.21433110778497705,0.90234375,0.9140625
221,0.22245801714499663,0.21413500384766593,0.90234375,0.9140625
222,0.22228160299763627,0.21393773024431284,0.90234375,0.9140625
223,0.22210416217931583,0.213739278746372,0.90234375,0.9140625
224,0.2219256866150358,0.2135396411611092,0.90234375,0.9140625
225,0.22174616829679278,0.21333880933240387,0.90234375,0.9140625
226,0.22156559928323144,0.21313677514161178,0.90234375,0.9140625
227,0.22138397169938578,0.2129335305084892,0.90234375,0.9140625
228,0.221201277736506,0.21272906739217462,0.90234375,0.9140625
229,0.22101750965196687,0.21252337779222613,0.90234375,0.9140625
230,0.2208326597692561,0.21231645374971347,0.90234375,0.9140625
231,0.22064672047803824,0.2121082873483615,0.90234375,0.9140625
232,0.22045968423429163,0.21189887071574454,0.90234375,0.9140625
233,0.22027154356051598,0.21168819602452837,0.90234375,0.9140625
234,0.22008229104600685,0.2114762554937597,0.90234375,0.9140625
235,0.21989191934719543,0.21126304139019977,0.90234375,0.9140625
236,0.21970042118805022,0.21104854602970188,0.90234375,0.9140625
237,0.21950778936053855,0.21083276177863008,0.90234375,0.9140625
238,0.2193140167251454,0.21061568105531805,0.90234375,0.9140625
239,0.219119096211447,0.21039729633156637,0.90234375,0.9140625
240,0.21892302081873705,0.21017760013417675,0.90234375,0.9140625
241,0.21872578361670358,0.20995658504652162,0.90234375,0.9140625
242,0.21852737774615372,0.20973424371014782,0.90234375,0.9140625
243,0.21832779641978484,0.2095105688264124,0.90234375,0.9140625
244,0.21812703292299968,0.20928555315815006,0.90234375,0.9140625
245,0.21792508061476362,0.2090591895313697,0.90234375,0.9140625
246,0.21772193292850212,0.20883147083697962,0.90234375,0.9140625
247,0.21751758337303623,0.20860239003253955,0.90234375,0.9140625
248,0.21731202553355522,0.20837194014403831,0.90234375,0.9140625
249,0.2171052530726228,0.20814011426769582,0.90234375,0.9140625
250,0.21689725973121718,0.20790690557178781,0.90234375,0.921875
251,0.21668803932980188,0.20767230729849281,0.90234375,0.921875
252,0.21647758576942616,0.20743631276575872,0.90234375,0.921875
253,0.21626589303285315,0.20719891536918977,0.90234375,0.921875
254,0.21605295518571482,0.20696010858395003,0.90234375,0.921875
255,0.215838766377691,0.20671988596668478,0.90234375,0.921875
256,0.21562332084371194,0.20647824115745675,0.90234375,0.921875
257,0.21540661290518298,0.20623516788169682,0.90234375,0.921875
258,0.21518863697122864,0.20599065995216806,0.90234375,0.921875
259,0.21496938753995648,0.2057447112709409,0.90234375,0.921875
260,0.21474885919973755,0.20549731583138062,0.90234375,0.921875
261,0.2145270466305035,0.2052484677201423,0.90234375,0.921875
262,0.2143039446050583,0.20499816111917593,0.90234375,0.921875
263,0.21407954799040296,0.2047463903077384,0.90234375,0.921875
264,0.21385385174907312,0.20449314966441082,0.90234375,0.921875
265,0.21362685094048664,0.2042384336691221,0.90625,0.921875
266,0.21339854072230152,0.20398223690517553,0.90625,0.921875
267,0.21316891635178156,0.20372455406127865,0.90625,0.921875
268,0.21293797318716978,0.20346537993357441,0.90625,0.921875
269,0.21270570668906738,0.2032047094276737,0.90625,0.921875
270,0.2124721124218179,0.20294253756068636,0.90625,0.921875
271,0.21223718605489478,0.2026788594632517,0.90625,0.921875
272,0.21200092336429188,0.20241367038156569,0.90625,0.921875
273,0.21176332023391525,0.2021469656794046,0.90625,0.921875
274,0.2115243726569752,0.20187874084014457,0.90625,0.921875
275,0.21128407673737848,0.2016089914687743,0.90625,0.921875
276,0.21104242869111772,0.20133771329390227,0.90625,0.921875
277,0.21079942484765926,0.2010649021697548,0.90625,0.921875
278,0.2105550616513267,0.2007905540781666,0.90625,0.921875
279,0.2103093356626799,0.20051466513056038,0.90625,0.921875
280,0.21006224355988873,0.20023723156991657,0.90625,0.921875
281,0.20981378214009977,0.1999582497727305,0.90625,0.921875
282,0.20956394832079583,0.19967771625095723,0.90625,0.921875
283,0.20931273914114737,0.19939562765394275,0.90625,0.921875
284,0.2090601517633539,0.19911198077033987,0.90625,0.921875
285,0.20880618347397625,0.19882677253000908,0.90625,0.921875
286,0.2085508316852568,0.1985400000059025,0.90625,0.921875
287,0.20829409393642873,0.19825166041593068,0.91015625,0.921875
288,0.20803596789501216,0.19796175112481007,0.91015625,0.921875
289,0.20777645135809691,0.19767026964589257,0.91015625,0.921875
290,0.20751554225361096,0.1973772136429732,0.91015625,0.921875
291,0.20725323864157413,0.19708258093207826,0.91015625,0.921875
292,0.2069895387153354,0.19678636948323014,0.91015625,0.921875
293,0.20672444080279428,0.19648857742219017,0.91015625,0.921875
294,0.20645794336760465,0.19618920303217713,0.91015625,0.921875
295,0.20619004501036034,0.19588824475556185,0.91015625,0.921875
296,0.20592074446976244,0.19558570119553562,0.91015625,0.921875
297,0.20565004062376682,0.19528157111775316,0.91015625,0.921875
298,0.205377932490712,0.19497585345194807,0.91015625,0.921875
299,0.20510441923042577,0.19466854729352065,0.91015625,0.921875
300,0.20482950014531093,0.1943596519050968,0.91015625,0.921875
301,0.2045531746814086,0.19404916671805839,0.91015625,0.921875
302,0.20427544242943924,0.19373709133404227,0.91015625,0.921875
303,0.2039963031258202,0.19342342552640937,0.91015625,0.921875
304,0.20371575665365937,0.19310816924168173,0.91015625,0.921875
305,0.20343380304372483,0.19279132260094722,0.91015625,0.921875
306,0.203150442475389,0.19247288590123118,0.9140625,0.921875
307,0.20286567527754779,0.19215285961683437,0.91796875,0.921875
308,0.20257950192951296,0.1918312444006362,0.91796875,0.921875
309,0.2022919230618788,0.19150804108536343,0.91796875,0.921875
310,0.20200293945736075,0.19118325068482198,0.91796875,0.921875
311,0.20171255205160732,0.19085687439509344,0.91796875,0.921875
312,0.2014207619339829,0.19052891359569363,0.91796875,0.921875
313,0.20112757034832307,0.19019936985069377,0.91796875,0.921875
314,0.2008329786936598,0.18986824490980325,0.91796875,0.921875
315,0.20053698852491794,0.18953554070941342,0.91796875,0.921875
316,0.20023960155358128,0.1892012593736017,0.91796875,0.921875
317,0.19994081964832844,0.18886540321509565,0.91796875,0.921875
318,0.19964064483563787,0.18852797473619665,0.91796875,0.921875
319,0.1993390793003615,0.18818897662966147,0.91796875,0.921875
320,0.19903612538626703,0.18784841177954298,0.91796875,0.921875
321,0.1987317855965481,0.18750628326198782,0.91796875,0.921875
322,0.19842606259430184,0.18716259434599164,0.91796875,0.921875
323,0.19811895920297412,0.1868173484941109,0.91796875,0.921875
324,0.19781047840677102,0.1864705493631305,0.91796875,0.921875
325,0.19750062335103785,0.18612220080468755,0.91796875,0.921875
326,0.19718939734260305,0.18577230686585017,0.91796875,0.921875
327,0.1968768038500894,0.1854208717896506,0.91796875,0.921875
328,0.1965628465041895,0.18506790001557366,0.91796875,0.921875
329,0.19624752909790766,0.18471339617999794,0.91796875,0.921875
330,0.19593085558676576,0.18435736511659123,0.91796875,0.921875
331,0.19561283008897454,0.18399981185665876,0.91796875,0.921875
332,0.19529345688556904,0.18364074162944433,0.91796875,0.921875
333,0.19497274042050833,0.18328015986238338,0.91796875,0.921875
334,0.19465068530073878,0.18291807218130834,0.91796875,0.921875
335,0.1943272962962217,0.1825544844106059,0.91796875,0.921875
336,0.19400257833992385,0.18218940257332467,0.91796875,0.921875
337,0.19367653652777123,0.18182283289123505,0.91796875,0.921875
338,0.1933491761185667,0.18145478178483865,0.91796875,0.921875
339,0.19302050253386926,0.181085255873329,0.91796875,0.921875
340,0.19269052135783693,0.18071426197450197,0.91796875,0.921875
341,0.19235923833703172,0.18034180710461625,0.91796875,0.921875
342,0.19202665938018726,0.17996789847820355,0.91796875,0.921875
343,0.19169279055793811,0.17959254350782794,0.921875,0.921875
344,0.19135763810251188,0.17921574980379523,0.921875,0.921875
345,0.1910212084073826,0.17883752517381035,0.92578125,0.921875
346,0.1906835080268865,0.17845787762258467,0.92578125,0.921875
347,0.19034454367579912,0.17807681535139136,0.92578125,0.921875
348,0.19000432222887448,0.1776943467575699,0.92578125,0.921875
349,0.1896628507203456,0.17731048043397876,0.92578125,0.921875
350,0.1893201363433866,0.17692522516839665,0.92578125,0.921875
351,0.1889761864495365,0.1765385899428723,0.92578125,0.921875
352,0.18863100854808423,0.17615058393302227,0.92578125,0.921875
353,0.18828461030541535,0.17576121650727716,0.92578125,0.921875
354,0.18793699954432017,0.17537049722607606,0.92578125,0.921875
355,0.18758818424326307,0.17497843584100947,0.92578125,0.921875
356,0.18723817253561414,0.17458504229390992,0.92578125,0.921875
357,0.1868869727088412,0.17419032671589169,0.92578125,0.921875
358,0.1865345932036646,0.17379429942633823,0.92578125,0.921875
359,0.18618104261317278,0.1733969709318386,0.92578125,0.921875
360,0.18582632968190022,0.17299835192507196,0.92578125,0.921875
361,0.1854704633048671,0.17259845328364132,0.9296875,0.921875
362,0.1851134525265806,0.17219728606885576,0.9296875,0.921875
363,0.18475530653999908,0.1717948615244617,0.93359375,0.921875
364,0.18439603468545776,0.17139119107532366,0.93359375,0.921875
365,0.18403564644955733,0.17098628632605434,0.93359375,0.921875
366,0.1836741514640151,0.17058015905959406,0.93359375,0.921875
367,0.18331155950447894,0.17017282123574073,0.93359375,0.921875
368,0.18294788048930416,0.1697642849896294,0.93359375,0.921875
369,0.18258312447829386,0.16935456263016296,0.93359375,0.921875
370,0.18221730167140285,0.16894366663839328,0.93359375,0.921875
371,0.18185042240740512,0.1685316096658537,0.93359375,0.921875
372,0.18148249716252543,0.16811840453284316,0.93359375,0.921875
373,0.18111353654903556,0.1677040642266621,0.93359375,0.921875
374,0.18074355131381503,0.16728860189980116,0.93359375,0.921875
375,0.1803725523368767,0.16687203086808255,0.93359375,0.921875
376,0.18000055062985798,0.1664543646087544,0.93359375,0.9296875
377,0.1796275573344778,0.16603561675853962,0.93359375,0.9296875
378,0.17925358372095954,0.16561580111163865,0.93359375,0.9296875
379,0.17887864118642033,0.1651949316176871,0.93359375,0.9296875
380,0.178502741253228,0.16477302237966915,0.93359375,0.9296875
381,0.1781258955673243,0.1643500876517864,0.93359375,0.9296875
382,0.177748115896517,0.1639261418372842,0.93359375,0.9296875
383,0.17736941412873947,0.1635011994862345,0.93359375,0.9296875
384,0.17698980227027955,0.16307527529327698,0.93359375,0.9296875
385,0.17660929244397727,0.16264838409531865,0.93359375,0.9296875
386,0.17622789688739277,0.16222054086919313,0.93359375,0.9296875
387,0.17584562795094413,0.16179176072927934,0.93359375,0.9296875
388,0.17546249809601616,0.16136205892508138,0.93359375,0.9296875
389,0.17507851989304074,0.16093145083876997,0.93359375,0.9296875
390,0.17469370601954892,0.16049995198268596,0.93359375,0.9296875
391,0.17430806925819564,0.1600675779968069,0.93359375,0.9296875
392,0.17392162249475768,0.15963434464617826,0.93359375,0.9296875
393,0.17353437871610528,0.15920026781830826,0.93359375,0.9296875
394,0.1731463510081483,0.15876536352052945,0.93359375,0.9296875
395,0.17275755255375713,0.158329647877326,0.93359375,0.9296875
396,0.17236799663065971,0.1578931371276292,0.9375,0.9296875
397,0.17197769660931445,0.15745584762208037,0.9375,0.9296875
398,0.17158666595076072,0.1570177958202639,0.9375,0.9296875
399,0.1711949182044465,0.15657899828790997,0.9375,0.9296875
400,0.1708024670060349,0.15613947169406864,0.9375,0.9296875
401,0.17040932607518955,0.1556992328082562,0.9375,0.9296875
402,0.17001550921334005,0.15525829849757433,0.9375,0.9296875
403,0.16962103030142794,0.15481668572380405,0.9375,0.9296875
404,0.1692259032976338,0.15437441154047407,0.9375,0.9296875
405,0.16883014223508688,0.15393149308990606,0.9375,0.9296875
406,0.1684337612195571,0.15348794760023654,0.9375,0.9296875
407,0.16803677442713102,0.1530437923824179,0.9375,0.9296875
408,0.167639196101872,0.1525990448271979,0.9375,0.9296875
409,0.16724104055346542,0.15215372240208036,0.9375,0.9296875
410,0.1668423221548503,0.1517078426482669,0.9375,0.9296875
411,0.16644305533983694,0.15126142317758165,0.9375,0.9296875
412,0.1660432546007129,0.15081448166937955,0.9375,0.9375
413,0.16564293448583658,0.15036703586743946,0.9375,0.9375
414,0.16524210959722047,0.14991910357684335,0.9375,0.9375
415,0.16484079458810413,0.14947070266084234,0.9375,0.9375
416,0.16443900416051782,0.14902185103771154,0.94140625,0.9375
417,0.16403675306283785,0.14857256667759305,0.94140625,0.9375
418,0.16363405608733453,0.14812286759933072,0.94140625,0.9375
419,0.16323092806771267,0.1476727718672957,0.94140625,0.9375
420,0.16282738387664702,0.14722229758820476,0.94140625,0.9375
421,0.16242343842331158,0.1467714629079328,0.94140625,0.9375
422,0.1620191066509054,0.1463202860083198,0.94140625,0.9375
423,0.16161440353417417,0.1458687851039747,0.94140625,0.9375
424,0.16120934407692994,0.14541697843907528,0.94140625,0.9375
425,0.1608039433095677,0.1449648842841677,0.94140625,0.9375
426,0.16039821628658235,0.1445125209329646,0.94140625,0.9375
427,0.15999217808408414,0.14405990669914426,0.94140625,0.9375
428,0.15958584379731536,0.14360705991315104,0.94140625,0.9375
429,0.15917922853816807,0.1431539989189991,0.9453125,0.9375
430,0.1587723474327041,0.14270074207107986,0.9453125,0.9375
431,0.15836521561867803,0.1422473077309741,0.9453125,0.9375
432,0.15795784824306336,0.1417937142642709,0.9453125,0.9375
433,0.15755026045958387,0.14133998003739282,0.9453125,0.9375
434,0.15714246742624988,0.14088612341443008,0.9453125,0.9375
435,0.15673448430290043,0.14043216275398365,0.9453125,0.9375
436,0.1563263262487526,0.13997811640601882,0.9453125,0.9375
437,0.15591800841995784,0.13952400270872975,0.9453125,0.9375
438,0.15550954596716735,0.13906983998541725,0.9453125,0.9375
439,0.1551009540331055,0.1386156465413789,0.9453125,0.9375
440,0.1546922477501541,0.13816144066081454,0.9453125,0.9375
441,0.15428344223794604,0.1377072406037465,0.9453125,0.9375
442,0.153874552600971,0.1372530646029565,0.9453125,0.9375
443,0.15346559392619252,0.13679893086093983,0.9453125,0.9453125
444,0.1530565812806778,0.1363448575468777,0.9453125,0.9453125
445,0.15264752970924086,0.13589086279362889,0.9453125,0.9453125
446,0.1522384542320993,0.1354369646947415,0.9453125,0.9453125
447,0.15182936984254602,0.13498318130148576,0.9453125,0.9453125
448,0.1514202915046359,0.13452953061990833,0.9453125,0.9453125
449,0.15101123415088835,0.13407603060791018,0.9453125,0.9453125
450,0.15060221268000662,0.1336226991723472,0.9453125,0.9453125
451,0.15019324195461375,0.13316955416615564,0.9453125,0.9453125
452,0.14978433679900666,0.132716613385503,0.9453125,0.9453125
453,0.14937551199692828,0.1322638945669645,0.9453125,0.9453125
454,0.14896678228935845,0.13181141538472657,0.9453125,0.9453125
455,0.14855816237232478,0.13135919344781824,0.9453125,0.9453125
456,0.14814966689473252,0.13090724629737013,0.9453125,0.9453125
457,0.1477413104562162,0.13045559140390306,0.9453125,0.9453125
458,0.14733310760501092,0.1300042461646463,0.94921875,0.9453125
459,0.1469250728358466,0.12955322790088572,0.94921875,0.9453125
460,0.14651722058786315,0.1291025538553442,0.94921875,0.9453125
461,0.14610956524254867,0.1286522411895921,0.94921875,0.9453125
462,0.1457021211217009,0.1282023069814916,0.94921875,0.9453125
463,0.14529490248541144,0.12775276822267304,0.94921875,0.9453125
464,0.14488792353007468,0.12730364181604514,0.94921875,0.9453125
465,0.14448119838642046,0.12685494457333937,0.94921875,0.953125
466,0.14407474111757196,0.1264066932126888,0.94921875,0.953125
467,0.14366856571712827,0.12595890435624205,0.94921875,0.953125
468,0.14326268610727316,0.12551159452781332,0.94921875,0.953125
469,0.1428571161369092,0.12506478015056804,0.94921875,0.953125
470,0.1424518695798187,0.12461847754474556,0.94921875,0.953125
471,0.14204696013285073,0.12417270292541843,0.94921875,0.953125
472,0.14164240141413587,0.12372747240029006,0.94921875,0.953125
473,0.14123820696132777,0.12328280196752912,0.94921875,0.953125
474,0.14083439022987243,0.12283870751364327,0.94921875,0.9609375
475,0.14043096459130572,0.12239520481139082,0.94921875,0.9609375
476,0.1400279433315788,0.12195230951773194,0.94921875,0.9609375
477,0.13962533964941232,0.12151003717181864,0.94921875,0.9609375
478,0.1392231666546791,0.12106840319302523,0.94921875,0.9609375
479,0.13882143736681618,0.12062742287901779,0.94921875,0.9609375
480,0.13842016471326596,0.12018711140386451,0.94921875,0.9609375
481,0.1380193615279467,0.11974748381618651,0.94921875,0.9609375
482,0.137619040549753,0.11930855503734895,0.94921875,0.9609375
483,0.137219214421086,0.11887033985969347,0.94921875,0.9609375
484,0.13681989568641373,0.11843285294481175,0.94921875,0.9609375
485,0.13642109679086145,0.11799610882186025,0.94921875,0.9609375
486,0.13602283007883328,0.11756012188591673,0.94921875,0.9609375
487,0.13562510779266307,0.11712490639637803,0.94921875,0.9609375
488,0.13522794207129726,0.11669047647540025,0.94921875,0.9609375
489,0.1348313449490078,0.11625684610638028,0.94921875,0.9609375
490,0.13443532835413638,0.11582402913247969,0.94921875,0.9609375
491,0.13403990410786967,0.11539203925519079,0.94921875,0.9609375
492,0.1336450839230456,0.11496089003294468,0.94921875,0.9609375
493,0.1332508794029912,0.1145305948797617,0.94921875,0.9609375
494,0.13285730204039153,0.11410116706394427,0.94921875,0.9609375
495,0.1324643632161899,0.11367261970681183,0.94921875,0.9609375
496,0.13207207419851996,0.11324496578147841,0.94921875,0.96875
497,0.13168044614166893,0.11281821811167231,0.94921875,0.96875
498,0.13128949008507243,0.11239238937059834,0.94921875,0.96875
499,0.13089921695234097,0.11196749207984226,0.94921875,0.96875
500,0.13050963755031803,0.1115435386083174,0.94921875,0.96875
